"filename", "language", "PHP", "JavaScript", "XML", "PostCSS", "JSON", "Markdown", "comment", "blank", "total"
"c:\Users\b.torabi\Documents\sepehrelectric-website\app\public\wp-content\plugins\salesking\admin\assets\css\adminglobal.css", "PostCSS", 0, 0, 0, 1991, 0, 0, 34, 66, 2091
"c:\Users\b.torabi\Documents\sepehrelectric-website\app\public\wp-content\plugins\salesking\admin\assets\css\adminmkpages.css", "PostCSS", 0, 0, 0, 1368, 0, 0, 0, 1372, 2740
"c:\Users\b.torabi\Documents\sepehrelectric-website\app\public\wp-content\plugins\salesking\admin\assets\css\adminstyle.css", "PostCSS", 0, 0, 0, 269, 0, 0, 20, 21, 310
"c:\Users\b.torabi\Documents\sepehrelectric-website\app\public\wp-content\plugins\salesking\admin\assets\dashboard\chartist\chartist-plugin-tooltip.min.js", "JavaScript", 0, 1, 0, 0, 0, 0, 6, 1, 8
"c:\Users\b.torabi\Documents\sepehrelectric-website\app\public\wp-content\plugins\salesking\admin\assets\dashboard\chartist\chartist.min.css", "PostCSS", 0, 0, 0, 1, 0, 0, 0, 0, 1
"c:\Users\b.torabi\Documents\sepehrelectric-website\app\public\wp-content\plugins\salesking\admin\assets\dashboard\chartist\chartist.min.js", "JavaScript", 0, 2, 0, 0, 0, 0, 7, 1, 10
"c:\Users\b.torabi\Documents\sepehrelectric-website\app\public\wp-content\plugins\salesking\admin\assets\dashboard\cssjs\dashboardstyle.min.css", "PostCSS", 0, 0, 0, 13770, 0, 0, 24, 7, 13801
"c:\Users\b.torabi\Documents\sepehrelectric-website\app\public\wp-content\plugins\salesking\admin\assets\js\admin.js", "JavaScript", 0, 101, 0, 0, 0, 0, 30, 26, 157
"c:\Users\b.torabi\Documents\sepehrelectric-website\app\public\wp-content\plugins\salesking\admin\assets\js\adminglobal.js", "JavaScript", 0, 918, 0, 0, 0, 0, 149, 174, 1241
"c:\Users\b.torabi\Documents\sepehrelectric-website\app\public\wp-content\plugins\salesking\admin\assets\js\adminnotice.js", "JavaScript", 0, 69, 0, 0, 0, 0, 22, 28, 119
"c:\Users\b.torabi\Documents\sepehrelectric-website\app\public\wp-content\plugins\salesking\admin\class-salesking-admin.php", "PHP", 5467, 0, 0, 0, 0, 0, 336, 842, 6645
"c:\Users\b.torabi\Documents\sepehrelectric-website\app\public\wp-content\plugins\salesking\admin\class-salesking-settings.php", "PHP", 859, 0, 0, 0, 0, 0, 50, 198, 1107
"c:\Users\b.torabi\Documents\sepehrelectric-website\app\public\wp-content\plugins\salesking\includes\assets\css\style.css", "PostCSS", 0, 0, 0, 52, 0, 0, 10, 15, 77
"c:\Users\b.torabi\Documents\sepehrelectric-website\app\public\wp-content\plugins\salesking\includes\assets\images\crownmodified.svg", "XML", 0, 0, 38, 0, 0, 0, 0, 0, 38
"c:\Users\b.torabi\Documents\sepehrelectric-website\app\public\wp-content\plugins\salesking\includes\assets\images\loader.svg", "XML", 0, 0, 52, 0, 0, 0, 0, 0, 52
"c:\Users\b.torabi\Documents\sepehrelectric-website\app\public\wp-content\plugins\salesking\includes\assets\images\loadertransparent.svg", "XML", 0, 0, 52, 0, 0, 0, 0, 0, 52
"c:\Users\b.torabi\Documents\sepehrelectric-website\app\public\wp-content\plugins\salesking\includes\assets\images\salesking-icon-blue.svg", "XML", 0, 0, 1, 0, 0, 0, 0, 0, 1
"c:\Users\b.torabi\Documents\sepehrelectric-website\app\public\wp-content\plugins\salesking\includes\assets\images\salesking-icon-gray.svg", "XML", 0, 0, 10, 0, 0, 0, 0, 22, 32
"c:\Users\b.torabi\Documents\sepehrelectric-website\app\public\wp-content\plugins\salesking\includes\assets\images\salesking-icon-gray2.svg", "XML", 0, 0, 1, 0, 0, 0, 0, 0, 1
"c:\Users\b.torabi\Documents\sepehrelectric-website\app\public\wp-content\plugins\salesking\includes\assets\images\salesking-icon.svg", "XML", 0, 0, 1, 0, 0, 0, 0, 0, 1
"c:\Users\b.torabi\Documents\sepehrelectric-website\app\public\wp-content\plugins\salesking\includes\assets\images\salesking-icon2.svg", "XML", 0, 0, 18, 0, 0, 0, 1, 1, 20
"c:\Users\b.torabi\Documents\sepehrelectric-website\app\public\wp-content\plugins\salesking\includes\assets\lib\dataTables\buttons.colVis.min.js", "JavaScript", 0, 6, 0, 0, 0, 0, 4, 1, 11
"c:\Users\b.torabi\Documents\sepehrelectric-website\app\public\wp-content\plugins\salesking\includes\assets\lib\dataTables\buttons.html5.min.js", "JavaScript", 0, 29, 0, 0, 0, 0, 7, 1, 37
"c:\Users\b.torabi\Documents\sepehrelectric-website\app\public\wp-content\plugins\salesking\includes\assets\lib\dataTables\buttons.print.min.js", "JavaScript", 0, 5, 0, 0, 0, 0, 4, 1, 10
"c:\Users\b.torabi\Documents\sepehrelectric-website\app\public\wp-content\plugins\salesking\includes\assets\lib\dataTables\dataTables.buttons.min.js", "JavaScript", 0, 39, 0, 0, 0, 0, 4, 1, 44
"c:\Users\b.torabi\Documents\sepehrelectric-website\app\public\wp-content\plugins\salesking\includes\assets\lib\dataTables\i18n\Afrikaans.json", "JSON", 0, 0, 0, 0, 23, 0, 0, 2, 25
"c:\Users\b.torabi\Documents\sepehrelectric-website\app\public\wp-content\plugins\salesking\includes\assets\lib\dataTables\i18n\Albanian.json", "JSON", 0, 0, 0, 0, 23, 0, 0, 2, 25
"c:\Users\b.torabi\Documents\sepehrelectric-website\app\public\wp-content\plugins\salesking\includes\assets\lib\dataTables\i18n\Arabic.json", "JSON", 0, 0, 0, 0, 17, 0, 0, 3, 20
"c:\Users\b.torabi\Documents\sepehrelectric-website\app\public\wp-content\plugins\salesking\includes\assets\lib\dataTables\i18n\Armenian.json", "JSON", 0, 0, 0, 0, 23, 0, 0, 3, 26
"c:\Users\b.torabi\Documents\sepehrelectric-website\app\public\wp-content\plugins\salesking\includes\assets\lib\dataTables\i18n\Azerbaijan.json", "JSON", 0, 0, 0, 0, 23, 0, 0, 2, 25
"c:\Users\b.torabi\Documents\sepehrelectric-website\app\public\wp-content\plugins\salesking\includes\assets\lib\dataTables\i18n\Bangla.json", "JSON", 0, 0, 0, 0, 17, 0, 0, 3, 20
"c:\Users\b.torabi\Documents\sepehrelectric-website\app\public\wp-content\plugins\salesking\includes\assets\lib\dataTables\i18n\Basque.json", "JSON", 0, 0, 0, 0, 24, 0, 0, 2, 26
"c:\Users\b.torabi\Documents\sepehrelectric-website\app\public\wp-content\plugins\salesking\includes\assets\lib\dataTables\i18n\Belarusian.json", "JSON", 0, 0, 0, 0, 21, 0, 0, 2, 23
"c:\Users\b.torabi\Documents\sepehrelectric-website\app\public\wp-content\plugins\salesking\includes\assets\lib\dataTables\i18n\Bulgarian.json", "JSON", 0, 0, 0, 0, 17, 0, 0, 3, 20
"c:\Users\b.torabi\Documents\sepehrelectric-website\app\public\wp-content\plugins\salesking\includes\assets\lib\dataTables\i18n\Catalan.json", "JSON", 0, 0, 0, 0, 17, 0, 0, 3, 20
"c:\Users\b.torabi\Documents\sepehrelectric-website\app\public\wp-content\plugins\salesking\includes\assets\lib\dataTables\i18n\Chinese-traditional.json", "JSON", 0, 0, 0, 0, 239, 0, 0, 0, 239
"c:\Users\b.torabi\Documents\sepehrelectric-website\app\public\wp-content\plugins\salesking\includes\assets\lib\dataTables\i18n\Chinese.json", "JSON", 0, 0, 0, 0, 24, 0, 0, 3, 27
"c:\Users\b.torabi\Documents\sepehrelectric-website\app\public\wp-content\plugins\salesking\includes\assets\lib\dataTables\i18n\Croatian.json", "JSON", 0, 0, 0, 0, 23, 0, 0, 3, 26
"c:\Users\b.torabi\Documents\sepehrelectric-website\app\public\wp-content\plugins\salesking\includes\assets\lib\dataTables\i18n\Czech.json", "JSON", 0, 0, 0, 0, 23, 0, 0, 3, 26
"c:\Users\b.torabi\Documents\sepehrelectric-website\app\public\wp-content\plugins\salesking\includes\assets\lib\dataTables\i18n\Danish.json", "JSON", 0, 0, 0, 0, 17, 0, 0, 3, 20
"c:\Users\b.torabi\Documents\sepehrelectric-website\app\public\wp-content\plugins\salesking\includes\assets\lib\dataTables\i18n\Dutch.json", "JSON", 0, 0, 0, 0, 23, 0, 0, 3, 26
"c:\Users\b.torabi\Documents\sepehrelectric-website\app\public\wp-content\plugins\salesking\includes\assets\lib\dataTables\i18n\English.json", "JSON", 0, 0, 0, 0, 23, 0, 0, 2, 25
"c:\Users\b.torabi\Documents\sepehrelectric-website\app\public\wp-content\plugins\salesking\includes\assets\lib\dataTables\i18n\Estonian.json", "JSON", 0, 0, 0, 0, 16, 0, 0, 3, 19
"c:\Users\b.torabi\Documents\sepehrelectric-website\app\public\wp-content\plugins\salesking\includes\assets\lib\dataTables\i18n\Filipino.json", "JSON", 0, 0, 0, 0, 17, 0, 0, 3, 20
"c:\Users\b.torabi\Documents\sepehrelectric-website\app\public\wp-content\plugins\salesking\includes\assets\lib\dataTables\i18n\Finnish.json", "JSON", 0, 0, 0, 0, 39, 0, 0, 3, 42
"c:\Users\b.torabi\Documents\sepehrelectric-website\app\public\wp-content\plugins\salesking\includes\assets\lib\dataTables\i18n\French.json", "JSON", 0, 0, 0, 0, 22, 0, 0, 3, 25
"c:\Users\b.torabi\Documents\sepehrelectric-website\app\public\wp-content\plugins\salesking\includes\assets\lib\dataTables\i18n\Galician.json", "JSON", 0, 0, 0, 0, 24, 0, 0, 2, 26
"c:\Users\b.torabi\Documents\sepehrelectric-website\app\public\wp-content\plugins\salesking\includes\assets\lib\dataTables\i18n\Georgian.json", "JSON", 0, 0, 0, 0, 23, 0, 0, 3, 26
"c:\Users\b.torabi\Documents\sepehrelectric-website\app\public\wp-content\plugins\salesking\includes\assets\lib\dataTables\i18n\German.json", "JSON", 0, 0, 0, 0, 23, 0, 0, 3, 26
"c:\Users\b.torabi\Documents\sepehrelectric-website\app\public\wp-content\plugins\salesking\includes\assets\lib\dataTables\i18n\Greek.json", "JSON", 0, 0, 0, 0, 27, 0, 0, 3, 30
"c:\Users\b.torabi\Documents\sepehrelectric-website\app\public\wp-content\plugins\salesking\includes\assets\lib\dataTables\i18n\Hebrew.json", "JSON", 0, 0, 0, 0, 18, 0, 0, 3, 21
"c:\Users\b.torabi\Documents\sepehrelectric-website\app\public\wp-content\plugins\salesking\includes\assets\lib\dataTables\i18n\Hindi.json", "JSON", 0, 0, 0, 0, 17, 0, 0, 3, 20
"c:\Users\b.torabi\Documents\sepehrelectric-website\app\public\wp-content\plugins\salesking\includes\assets\lib\dataTables\i18n\Hungarian.json", "JSON", 0, 0, 0, 0, 23, 0, 0, 3, 26
"c:\Users\b.torabi\Documents\sepehrelectric-website\app\public\wp-content\plugins\salesking\includes\assets\lib\dataTables\i18n\Icelandic.json", "JSON", 0, 0, 0, 0, 23, 0, 0, 2, 25
"c:\Users\b.torabi\Documents\sepehrelectric-website\app\public\wp-content\plugins\salesking\includes\assets\lib\dataTables\i18n\Indonesian.json", "JSON", 0, 0, 0, 0, 17, 0, 0, 2, 19
"c:\Users\b.torabi\Documents\sepehrelectric-website\app\public\wp-content\plugins\salesking\includes\assets\lib\dataTables\i18n\Italian.json", "JSON", 0, 0, 0, 0, 23, 0, 0, 2, 25
"c:\Users\b.torabi\Documents\sepehrelectric-website\app\public\wp-content\plugins\salesking\includes\assets\lib\dataTables\i18n\Japanese.json", "JSON", 0, 0, 0, 0, 23, 0, 0, 3, 26
"c:\Users\b.torabi\Documents\sepehrelectric-website\app\public\wp-content\plugins\salesking\includes\assets\lib\dataTables\i18n\Kazakh.json", "JSON", 0, 0, 0, 0, 22, 0, 0, 2, 24
"c:\Users\b.torabi\Documents\sepehrelectric-website\app\public\wp-content\plugins\salesking\includes\assets\lib\dataTables\i18n\Korean.json", "JSON", 0, 0, 0, 0, 23, 0, 0, 2, 25
"c:\Users\b.torabi\Documents\sepehrelectric-website\app\public\wp-content\plugins\salesking\includes\assets\lib\dataTables\i18n\Kyrgyz.json", "JSON", 0, 0, 0, 0, 23, 0, 0, 3, 26
"c:\Users\b.torabi\Documents\sepehrelectric-website\app\public\wp-content\plugins\salesking\includes\assets\lib\dataTables\i18n\Latvian.json", "JSON", 0, 0, 0, 0, 22, 0, 0, 3, 25
"c:\Users\b.torabi\Documents\sepehrelectric-website\app\public\wp-content\plugins\salesking\includes\assets\lib\dataTables\i18n\Lithuanian.json", "JSON", 0, 0, 0, 0, 21, 0, 0, 4, 25
"c:\Users\b.torabi\Documents\sepehrelectric-website\app\public\wp-content\plugins\salesking\includes\assets\lib\dataTables\i18n\Macedonian.json", "JSON", 0, 0, 0, 0, 19, 0, 0, 3, 22
"c:\Users\b.torabi\Documents\sepehrelectric-website\app\public\wp-content\plugins\salesking\includes\assets\lib\dataTables\i18n\Malay.json", "JSON", 0, 0, 0, 0, 23, 0, 0, 3, 26
"c:\Users\b.torabi\Documents\sepehrelectric-website\app\public\wp-content\plugins\salesking\includes\assets\lib\dataTables\i18n\Mongolian.json", "JSON", 0, 0, 0, 0, 23, 0, 0, 3, 26
"c:\Users\b.torabi\Documents\sepehrelectric-website\app\public\wp-content\plugins\salesking\includes\assets\lib\dataTables\i18n\Nepali.json", "JSON", 0, 0, 0, 0, 24, 0, 0, 3, 27
"c:\Users\b.torabi\Documents\sepehrelectric-website\app\public\wp-content\plugins\salesking\includes\assets\lib\dataTables\i18n\Norwegian.json", "JSON", 0, 0, 0, 0, 25, 0, 0, 3, 28
"c:\Users\b.torabi\Documents\sepehrelectric-website\app\public\wp-content\plugins\salesking\includes\assets\lib\dataTables\i18n\Polish.json", "JSON", 0, 0, 0, 0, 22, 0, 0, 3, 25
"c:\Users\b.torabi\Documents\sepehrelectric-website\app\public\wp-content\plugins\salesking\includes\assets\lib\dataTables\i18n\Portuguese.json", "JSON", 0, 0, 0, 0, 17, 0, 0, 3, 20
"c:\Users\b.torabi\Documents\sepehrelectric-website\app\public\wp-content\plugins\salesking\includes\assets\lib\dataTables\i18n\Romanian.json", "JSON", 0, 0, 0, 0, 17, 0, 0, 3, 20
"c:\Users\b.torabi\Documents\sepehrelectric-website\app\public\wp-content\plugins\salesking\includes\assets\lib\dataTables\i18n\Russian.json", "JSON", 0, 0, 0, 0, 22, 0, 0, 3, 25
"c:\Users\b.torabi\Documents\sepehrelectric-website\app\public\wp-content\plugins\salesking\includes\assets\lib\dataTables\i18n\Serbian.json", "JSON", 0, 0, 0, 0, 17, 0, 0, 3, 20
"c:\Users\b.torabi\Documents\sepehrelectric-website\app\public\wp-content\plugins\salesking\includes\assets\lib\dataTables\i18n\Slovak.json", "JSON", 0, 0, 0, 0, 23, 0, 0, 2, 25
"c:\Users\b.torabi\Documents\sepehrelectric-website\app\public\wp-content\plugins\salesking\includes\assets\lib\dataTables\i18n\Slovenian.json", "JSON", 0, 0, 0, 0, 23, 0, 0, 2, 25
"c:\Users\b.torabi\Documents\sepehrelectric-website\app\public\wp-content\plugins\salesking\includes\assets\lib\dataTables\i18n\Spanish.json", "JSON", 0, 0, 0, 0, 24, 0, 0, 2, 26
"c:\Users\b.torabi\Documents\sepehrelectric-website\app\public\wp-content\plugins\salesking\includes\assets\lib\dataTables\i18n\Swedish.json", "JSON", 0, 0, 0, 0, 23, 0, 0, 3, 26
"c:\Users\b.torabi\Documents\sepehrelectric-website\app\public\wp-content\plugins\salesking\includes\assets\lib\dataTables\i18n\Thai.json", "JSON", 0, 0, 0, 0, 17, 0, 0, 3, 20
"c:\Users\b.torabi\Documents\sepehrelectric-website\app\public\wp-content\plugins\salesking\includes\assets\lib\dataTables\i18n\Turkish.json", "JSON", 0, 0, 0, 0, 24, 0, 0, 3, 27
"c:\Users\b.torabi\Documents\sepehrelectric-website\app\public\wp-content\plugins\salesking\includes\assets\lib\dataTables\i18n\Ukrainian.json", "JSON", 0, 0, 0, 0, 21, 0, 0, 3, 24
"c:\Users\b.torabi\Documents\sepehrelectric-website\app\public\wp-content\plugins\salesking\includes\assets\lib\dataTables\i18n\Urdu.json", "JSON", 0, 0, 0, 0, 17, 0, 0, 3, 20
"c:\Users\b.torabi\Documents\sepehrelectric-website\app\public\wp-content\plugins\salesking\includes\assets\lib\dataTables\i18n\Uzbek.json", "JSON", 0, 0, 0, 0, 22, 0, 0, 2, 24
"c:\Users\b.torabi\Documents\sepehrelectric-website\app\public\wp-content\plugins\salesking\includes\assets\lib\dataTables\i18n\Vietnamese.json", "JSON", 0, 0, 0, 0, 17, 0, 0, 3, 20
"c:\Users\b.torabi\Documents\sepehrelectric-website\app\public\wp-content\plugins\salesking\includes\assets\lib\dataTables\i18n\Welsh.json", "JSON", 0, 0, 0, 0, 23, 0, 0, 2, 25
"c:\Users\b.torabi\Documents\sepehrelectric-website\app\public\wp-content\plugins\salesking\includes\assets\lib\dataTables\i18n\persian.json", "JSON", 0, 0, 0, 0, 23, 0, 0, 2, 25
"c:\Users\b.torabi\Documents\sepehrelectric-website\app\public\wp-content\plugins\salesking\includes\assets\lib\dataTables\jquery.dataTables.min.css", "PostCSS", 0, 0, 0, 1, 0, 0, 0, 1, 2
"c:\Users\b.torabi\Documents\sepehrelectric-website\app\public\wp-content\plugins\salesking\includes\assets\lib\dataTables\jquery.dataTables.min.js", "JavaScript", 0, 2, 0, 0, 0, 0, 17, 3, 22
"c:\Users\b.torabi\Documents\sepehrelectric-website\app\public\wp-content\plugins\salesking\includes\assets\lib\dataTables\jszip.min.js", "JavaScript", 0, 4, 0, 0, 0, 0, 11, 0, 15
"c:\Users\b.torabi\Documents\sepehrelectric-website\app\public\wp-content\plugins\salesking\includes\assets\lib\dataTables\pdfmake.min.js", "JavaScript", 0, 29, 0, 0, 0, 0, 2, 1, 32
"c:\Users\b.torabi\Documents\sepehrelectric-website\app\public\wp-content\plugins\salesking\includes\assets\lib\dataTables\vfs_fonts.js", "JavaScript", 0, 6, 0, 0, 0, 0, 0, 1, 7
"c:\Users\b.torabi\Documents\sepehrelectric-website\app\public\wp-content\plugins\salesking\includes\assets\lib\notify\notify.min.js", "JavaScript", 0, 1, 0, 0, 0, 0, 0, 0, 1
"c:\Users\b.torabi\Documents\sepehrelectric-website\app\public\wp-content\plugins\salesking\includes\assets\lib\plugin-update-checker\Puc\v5\PucFactory.php", "PHP", 6, 0, 0, 0, 0, 0, 0, 5, 11
"c:\Users\b.torabi\Documents\sepehrelectric-website\app\public\wp-content\plugins\salesking\includes\assets\lib\plugin-update-checker\Puc\v5p0\Autoloader.php", "PHP", 59, 0, 0, 0, 0, 0, 10, 18, 87
"c:\Users\b.torabi\Documents\sepehrelectric-website\app\public\wp-content\plugins\salesking\includes\assets\lib\plugin-update-checker\Puc\v5p0\DebugBar\Extension.php", "PHP", 132, 0, 0, 0, 0, 0, 36, 32, 200
"c:\Users\b.torabi\Documents\sepehrelectric-website\app\public\wp-content\plugins\salesking\includes\assets\lib\plugin-update-checker\Puc\v5p0\DebugBar\Panel.php", "PHP", 142, 0, 0, 0, 0, 0, 2, 28, 172
"c:\Users\b.torabi\Documents\sepehrelectric-website\app\public\wp-content\plugins\salesking\includes\assets\lib\plugin-update-checker\Puc\v5p0\DebugBar\PluginExtension.php", "PHP", 26, 0, 0, 0, 0, 0, 6, 9, 41
"c:\Users\b.torabi\Documents\sepehrelectric-website\app\public\wp-content\plugins\salesking\includes\assets\lib\plugin-update-checker\Puc\v5p0\DebugBar\PluginPanel.php", "PHP", 31, 0, 0, 0, 0, 0, 3, 8, 42
"c:\Users\b.torabi\Documents\sepehrelectric-website\app\public\wp-content\plugins\salesking\includes\assets\lib\plugin-update-checker\Puc\v5p0\DebugBar\ThemePanel.php", "PHP", 15, 0, 0, 0, 0, 0, 3, 8, 26
"c:\Users\b.torabi\Documents\sepehrelectric-website\app\public\wp-content\plugins\salesking\includes\assets\lib\plugin-update-checker\Puc\v5p0\InstalledPackage.php", "PHP", 41, 0, 0, 0, 0, 0, 49, 16, 106
"c:\Users\b.torabi\Documents\sepehrelectric-website\app\public\wp-content\plugins\salesking\includes\assets\lib\plugin-update-checker\Puc\v5p0\Metadata.php", "PHP", 83, 0, 0, 0, 0, 0, 64, 31, 178
"c:\Users\b.torabi\Documents\sepehrelectric-website\app\public\wp-content\plugins\salesking\includes\assets\lib\plugin-update-checker\Puc\v5p0\OAuthSignature.php", "PHP", 56, 0, 0, 0, 0, 0, 30, 17, 103
"c:\Users\b.torabi\Documents\sepehrelectric-website\app\public\wp-content\plugins\salesking\includes\assets\lib\plugin-update-checker\Puc\v5p0\Plugin\Package.php", "PHP", 114, 0, 0, 0, 0, 0, 48, 27, 189
"c:\Users\b.torabi\Documents\sepehrelectric-website\app\public\wp-content\plugins\salesking\includes\assets\lib\plugin-update-checker\Puc\v5p0\Plugin\PluginInfo.php", "PHP", 80, 0, 0, 0, 0, 0, 34, 23, 137
"c:\Users\b.torabi\Documents\sepehrelectric-website\app\public\wp-content\plugins\salesking\includes\assets\lib\plugin-update-checker\Puc\v5p0\Plugin\Ui.php", "PHP", 194, 0, 0, 0, 0, 0, 73, 28, 295
"c:\Users\b.torabi\Documents\sepehrelectric-website\app\public\wp-content\plugins\salesking\includes\assets\lib\plugin-update-checker\Puc\v5p0\Plugin\Update.php", "PHP", 60, 0, 0, 0, 0, 0, 41, 16, 117
"c:\Users\b.torabi\Documents\sepehrelectric-website\app\public\wp-content\plugins\salesking\includes\assets\lib\plugin-update-checker\Puc\v5p0\Plugin\UpdateChecker.php", "PHP", 176, 0, 0, 0, 0, 0, 201, 49, 426
"c:\Users\b.torabi\Documents\sepehrelectric-website\app\public\wp-content\plugins\salesking\includes\assets\lib\plugin-update-checker\Puc\v5p0\PucFactory.php", "PHP", 207, 0, 0, 0, 0, 0, 115, 41, 363
"c:\Users\b.torabi\Documents\sepehrelectric-website\app\public\wp-content\plugins\salesking\includes\assets\lib\plugin-update-checker\Puc\v5p0\Scheduler.php", "PHP", 154, 0, 0, 0, 0, 0, 91, 32, 277
"c:\Users\b.torabi\Documents\sepehrelectric-website\app\public\wp-content\plugins\salesking\includes\assets\lib\plugin-update-checker\Puc\v5p0\StateStore.php", "PHP", 114, 0, 0, 0, 0, 0, 61, 34, 209
"c:\Users\b.torabi\Documents\sepehrelectric-website\app\public\wp-content\plugins\salesking\includes\assets\lib\plugin-update-checker\Puc\v5p0\Theme\Package.php", "PHP", 45, 0, 0, 0, 0, 0, 13, 12, 70
"c:\Users\b.torabi\Documents\sepehrelectric-website\app\public\wp-content\plugins\salesking\includes\assets\lib\plugin-update-checker\Puc\v5p0\Theme\Update.php", "PHP", 50, 0, 0, 0, 0, 0, 24, 15, 89
"c:\Users\b.torabi\Documents\sepehrelectric-website\app\public\wp-content\plugins\salesking\includes\assets\lib\plugin-update-checker\Puc\v5p0\Theme\UpdateChecker.php", "PHP", 71, 0, 0, 0, 0, 0, 67, 22, 160
"c:\Users\b.torabi\Documents\sepehrelectric-website\app\public\wp-content\plugins\salesking\includes\assets\lib\plugin-update-checker\Puc\v5p0\Update.php", "PHP", 21, 0, 0, 0, 0, 0, 9, 9, 39
"c:\Users\b.torabi\Documents\sepehrelectric-website\app\public\wp-content\plugins\salesking\includes\assets\lib\plugin-update-checker\Puc\v5p0\UpdateChecker.php", "PHP", 472, 0, 0, 0, 0, 0, 398, 134, 1004
"c:\Users\b.torabi\Documents\sepehrelectric-website\app\public\wp-content\plugins\salesking\includes\assets\lib\plugin-update-checker\Puc\v5p0\UpgraderStatus.php", "PHP", 103, 0, 0, 0, 0, 0, 79, 19, 201
"c:\Users\b.torabi\Documents\sepehrelectric-website\app\public\wp-content\plugins\salesking\includes\assets\lib\plugin-update-checker\Puc\v5p0\Utils.php", "PHP", 37, 0, 0, 0, 0, 0, 24, 10, 71
"c:\Users\b.torabi\Documents\sepehrelectric-website\app\public\wp-content\plugins\salesking\includes\assets\lib\plugin-update-checker\Puc\v5p0\Vcs\Api.php", "PHP", 153, 0, 0, 0, 0, 0, 155, 46, 354
"c:\Users\b.torabi\Documents\sepehrelectric-website\app\public\wp-content\plugins\salesking\includes\assets\lib\plugin-update-checker\Puc\v5p0\Vcs\BaseChecker.php", "PHP", 9, 0, 0, 0, 0, 0, 15, 6, 30
"c:\Users\b.torabi\Documents\sepehrelectric-website\app\public\wp-content\plugins\salesking\includes\assets\lib\plugin-update-checker\Puc\v5p0\Vcs\BitBucketApi.php", "PHP", 170, 0, 0, 0, 0, 0, 65, 38, 273
"c:\Users\b.torabi\Documents\sepehrelectric-website\app\public\wp-content\plugins\salesking\includes\assets\lib\plugin-update-checker\Puc\v5p0\Vcs\GitHubApi.php", "PHP", 231, 0, 0, 0, 0, 0, 152, 55, 438
"c:\Users\b.torabi\Documents\sepehrelectric-website\app\public\wp-content\plugins\salesking\includes\assets\lib\plugin-update-checker\Puc\v5p0\Vcs\GitLabApi.php", "PHP", 236, 0, 0, 0, 0, 0, 96, 61, 393
"c:\Users\b.torabi\Documents\sepehrelectric-website\app\public\wp-content\plugins\salesking\includes\assets\lib\plugin-update-checker\Puc\v5p0\Vcs\PluginUpdateChecker.php", "PHP", 164, 0, 0, 0, 0, 0, 61, 36, 261
"c:\Users\b.torabi\Documents\sepehrelectric-website\app\public\wp-content\plugins\salesking\includes\assets\lib\plugin-update-checker\Puc\v5p0\Vcs\Reference.php", "PHP", 19, 0, 0, 0, 0, 0, 24, 9, 52
"c:\Users\b.torabi\Documents\sepehrelectric-website\app\public\wp-content\plugins\salesking\includes\assets\lib\plugin-update-checker\Puc\v5p0\Vcs\ThemeUpdateChecker.php", "PHP", 54, 0, 0, 0, 0, 0, 14, 16, 84
"c:\Users\b.torabi\Documents\sepehrelectric-website\app\public\wp-content\plugins\salesking\includes\assets\lib\plugin-update-checker\Puc\v5p0\Vcs\VcsCheckerMethods.php", "PHP", 32, 0, 0, 0, 0, 0, 15, 12, 59
"c:\Users\b.torabi\Documents\sepehrelectric-website\app\public\wp-content\plugins\salesking\includes\assets\lib\plugin-update-checker\README.md", "Markdown", 0, 0, 0, 0, 0, 296, 3, 85, 384
"c:\Users\b.torabi\Documents\sepehrelectric-website\app\public\wp-content\plugins\salesking\includes\assets\lib\plugin-update-checker\composer.json", "JSON", 0, 0, 0, 0, 23, 0, 0, 1, 24
"c:\Users\b.torabi\Documents\sepehrelectric-website\app\public\wp-content\plugins\salesking\includes\assets\lib\plugin-update-checker\css\puc-debug-bar.css", "PostCSS", 0, 0, 0, 55, 0, 0, 1, 15, 71
"c:\Users\b.torabi\Documents\sepehrelectric-website\app\public\wp-content\plugins\salesking\includes\assets\lib\plugin-update-checker\examples\plugin.json", "JSON", 0, 0, 0, 0, 44, 0, 0, 8, 52
"c:\Users\b.torabi\Documents\sepehrelectric-website\app\public\wp-content\plugins\salesking\includes\assets\lib\plugin-update-checker\examples\theme.json", "JSON", 0, 0, 0, 0, 5, 0, 0, 0, 5
"c:\Users\b.torabi\Documents\sepehrelectric-website\app\public\wp-content\plugins\salesking\includes\assets\lib\plugin-update-checker\js\debug-bar.js", "JavaScript", 0, 39, 0, 0, 0, 0, 5, 8, 52
"c:\Users\b.torabi\Documents\sepehrelectric-website\app\public\wp-content\plugins\salesking\includes\assets\lib\plugin-update-checker\load-v5p0.php", "PHP", 23, 0, 0, 0, 0, 0, 3, 9, 35
"c:\Users\b.torabi\Documents\sepehrelectric-website\app\public\wp-content\plugins\salesking\includes\assets\lib\plugin-update-checker\plugin-update-checker.php", "PHP", 2, 0, 0, 0, 0, 0, 7, 1, 10
"c:\Users\b.torabi\Documents\sepehrelectric-website\app\public\wp-content\plugins\salesking\includes\assets\lib\plugin-update-checker\vendor\Parsedown.php", "PHP", 4, 0, 0, 0, 0, 0, 0, 1, 5
"c:\Users\b.torabi\Documents\sepehrelectric-website\app\public\wp-content\plugins\salesking\includes\assets\lib\plugin-update-checker\vendor\ParsedownModern.php", "PHP", 1193, 0, 0, 0, 0, 0, 0, 345, 1538
"c:\Users\b.torabi\Documents\sepehrelectric-website\app\public\wp-content\plugins\salesking\includes\assets\lib\plugin-update-checker\vendor\PucReadmeParser.php", "PHP", 250, 0, 0, 0, 0, 0, 40, 59, 349
"c:\Users\b.torabi\Documents\sepehrelectric-website\app\public\wp-content\plugins\salesking\includes\assets\lib\select2\select2.min.css", "PostCSS", 0, 0, 0, 1, 0, 0, 0, 1, 2
"c:\Users\b.torabi\Documents\sepehrelectric-website\app\public\wp-content\plugins\salesking\includes\assets\lib\select2\select2.min.js", "JavaScript", 0, 1, 0, 0, 0, 0, 1, 0, 2
"c:\Users\b.torabi\Documents\sepehrelectric-website\app\public\wp-content\plugins\salesking\includes\assets\lib\semantic\LICENSE.md", "Markdown", 0, 0, 0, 0, 0, 4, 0, 4, 8
"c:\Users\b.torabi\Documents\sepehrelectric-website\app\public\wp-content\plugins\salesking\includes\assets\lib\semantic\semantic.min.css", "PostCSS", 0, 0, 0, 299, 0, 0, 73, 0, 372
"c:\Users\b.torabi\Documents\sepehrelectric-website\app\public\wp-content\plugins\salesking\includes\assets\lib\semantic\semantic.min.js", "JavaScript", 0, 1, 0, 0, 0, 0, 10, 0, 11
"c:\Users\b.torabi\Documents\sepehrelectric-website\app\public\wp-content\plugins\salesking\includes\assets\lib\semantic\themes\default\assets\fonts\brand-icons.svg", "XML", 0, 0, 1004, 0, 0, 0, 4, 1, 1009
"c:\Users\b.torabi\Documents\sepehrelectric-website\app\public\wp-content\plugins\salesking\includes\assets\lib\semantic\themes\default\assets\fonts\icons.svg", "XML", 0, 0, 1514, 0, 0, 0, 4, 1, 1519
"c:\Users\b.torabi\Documents\sepehrelectric-website\app\public\wp-content\plugins\salesking\includes\assets\lib\semantic\themes\default\assets\fonts\outline-icons.svg", "XML", 0, 0, 362, 0, 0, 0, 4, 1, 367
"c:\Users\b.torabi\Documents\sepehrelectric-website\app\public\wp-content\plugins\salesking\includes\blocks\class-salesking-pending-gateway-blocks.php", "PHP", 54, 0, 0, 0, 0, 0, 0, 11, 65
"c:\Users\b.torabi\Documents\sepehrelectric-website\app\public\wp-content\plugins\salesking\includes\blocks\pending-gateway-checkout.js", "JavaScript", 0, 17, 0, 0, 0, 0, 0, 1, 18
"c:\Users\b.torabi\Documents\sepehrelectric-website\app\public\wp-content\plugins\salesking\includes\class-salesking-activator.php", "PHP", 40, 0, 0, 0, 0, 0, 7, 13, 60
"c:\Users\b.torabi\Documents\sepehrelectric-website\app\public\wp-content\plugins\salesking\includes\class-salesking-helper.php", "PHP", 563, 0, 0, 0, 0, 0, 37, 106, 706
"c:\Users\b.torabi\Documents\sepehrelectric-website\app\public\wp-content\plugins\salesking\includes\class-salesking-pending-gateway.php", "PHP", 75, 0, 0, 0, 0, 0, 10, 11, 96
"c:\Users\b.torabi\Documents\sepehrelectric-website\app\public\wp-content\plugins\salesking\includes\class-salesking.php", "PHP", 2379, 0, 0, 0, 0, 0, 329, 719, 3427
"c:\Users\b.torabi\Documents\sepehrelectric-website\app\public\wp-content\plugins\salesking\includes\emails\class-salesking-new-announcement-email.php", "PHP", 107, 0, 0, 0, 0, 0, 6, 23, 136
"c:\Users\b.torabi\Documents\sepehrelectric-website\app\public\wp-content\plugins\salesking\includes\emails\class-salesking-new-message-email.php", "PHP", 111, 0, 0, 0, 0, 0, 6, 26, 143
"c:\Users\b.torabi\Documents\sepehrelectric-website\app\public\wp-content\plugins\salesking\includes\emails\class-salesking-new-payout-email.php", "PHP", 103, 0, 0, 0, 0, 0, 5, 24, 132
"c:\Users\b.torabi\Documents\sepehrelectric-website\app\public\wp-content\plugins\salesking\includes\emails\class-salesking-order-pending-email.php", "PHP", 82, 0, 0, 0, 0, 0, 1, 27, 110
"c:\Users\b.torabi\Documents\sepehrelectric-website\app\public\wp-content\plugins\salesking\includes\emails\templates\new-announcement-email-template.php", "PHP", 14, 0, 0, 0, 0, 0, 9, 7, 30
"c:\Users\b.torabi\Documents\sepehrelectric-website\app\public\wp-content\plugins\salesking\includes\emails\templates\new-message-email-template.php", "PHP", 21, 0, 0, 0, 0, 0, 9, 10, 40
"c:\Users\b.torabi\Documents\sepehrelectric-website\app\public\wp-content\plugins\salesking\includes\emails\templates\new-order-pending-email-template.php", "PHP", 33, 0, 0, 0, 0, 0, 16, 17, 66
"c:\Users\b.torabi\Documents\sepehrelectric-website\app\public\wp-content\plugins\salesking\includes\emails\templates\new-payout-email-template.php", "PHP", 20, 0, 0, 0, 0, 0, 10, 9, 39
"c:\Users\b.torabi\Documents\sepehrelectric-website\app\public\wp-content\plugins\salesking\includes\emails\templates\plain-new-announcement-email-template.php", "PHP", 14, 0, 0, 0, 0, 0, 3, 7, 24
"c:\Users\b.torabi\Documents\sepehrelectric-website\app\public\wp-content\plugins\salesking\includes\emails\templates\plain-new-message-email-template.php", "PHP", 14, 0, 0, 0, 0, 0, 3, 7, 24
"c:\Users\b.torabi\Documents\sepehrelectric-website\app\public\wp-content\plugins\salesking\includes\emails\templates\plain-new-order-pending-email-template.php", "PHP", 17, 0, 0, 0, 0, 0, 12, 11, 40
"c:\Users\b.torabi\Documents\sepehrelectric-website\app\public\wp-content\plugins\salesking\includes\emails\templates\plain-new-payout-email-template.php", "PHP", 18, 0, 0, 0, 0, 0, 3, 5, 26
"c:\Users\b.torabi\Documents\sepehrelectric-website\app\public\wp-content\plugins\salesking\languages\salesking-fa_IR-5f4560d692fe3cc2231bbf4b75557505.json", "JSON", 0, 0, 0, 0, 1, 0, 0, 0, 1
"c:\Users\b.torabi\Documents\sepehrelectric-website\app\public\wp-content\plugins\salesking\languages\salesking-fa_IR.l10n.php", "PHP", 3, 0, 0, 0, 0, 0, 0, 1, 4
"c:\Users\b.torabi\Documents\sepehrelectric-website\app\public\wp-content\plugins\salesking\public\assets\js\public.js", "JavaScript", 0, 972, 0, 0, 0, 0, 101, 178, 1251
"c:\Users\b.torabi\Documents\sepehrelectric-website\app\public\wp-content\plugins\salesking\public\class-salesking-public.php", "PHP", 3121, 0, 0, 0, 0, 0, 421, 754, 4296
"c:\Users\b.torabi\Documents\sepehrelectric-website\app\public\wp-content\plugins\salesking\public\dashboard\affiliate-links.php", "PHP", 108, 0, 0, 0, 0, 0, 0, 18, 126
"c:\Users\b.torabi\Documents\sepehrelectric-website\app\public\wp-content\plugins\salesking\public\dashboard\announcement.php", "PHP", 67, 0, 0, 0, 0, 0, 1, 4, 72
"c:\Users\b.torabi\Documents\sepehrelectric-website\app\public\wp-content\plugins\salesking\public\dashboard\announcements.php", "PHP", 119, 0, 0, 0, 0, 0, 1, 9, 129
"c:\Users\b.torabi\Documents\sepehrelectric-website\app\public\wp-content\plugins\salesking\public\dashboard\assets\b2bkingintegration\b2bkingintegration.css", "PostCSS", 0, 0, 0, 1337, 0, 0, 26, 23, 1386
"c:\Users\b.torabi\Documents\sepehrelectric-website\app\public\wp-content\plugins\salesking\public\dashboard\assets\b2bkingintegration\jquerymodal\jquery.modal.min.css", "PostCSS", 0, 0, 0, 1, 0, 0, 0, 0, 1
"c:\Users\b.torabi\Documents\sepehrelectric-website\app\public\wp-content\plugins\salesking\public\dashboard\assets\b2bkingintegration\jquerymodal\jquery.modal.min.js", "JavaScript", 0, 1, 0, 0, 0, 0, 4, 0, 5
"c:\Users\b.torabi\Documents\sepehrelectric-website\app\public\wp-content\plugins\salesking\public\dashboard\assets\css\dashlite.css", "PostCSS", 0, 0, 0, 8784, 0, 0, 91, 6813, 15688
"c:\Users\b.torabi\Documents\sepehrelectric-website\app\public\wp-content\plugins\salesking\public\dashboard\assets\fonts\Nioicon.svg", "XML", 0, 0, 1041, 0, 0, 0, 0, 0, 1041
"c:\Users\b.torabi\Documents\sepehrelectric-website\app\public\wp-content\plugins\salesking\public\dashboard\assets\js\apps\messages.js", "JavaScript", 0, 121, 0, 0, 0, 0, 0, 25, 146
"c:\Users\b.torabi\Documents\sepehrelectric-website\app\public\wp-content\plugins\salesking\public\dashboard\assets\js\bundle.js", "JavaScript", 0, 1, 0, 0, 0, 0, 0, 0, 1
"c:\Users\b.torabi\Documents\sepehrelectric-website\app\public\wp-content\plugins\salesking\public\dashboard\assets\js\charts\chart-ecommerce.js", "JavaScript", 0, 745, 0, 0, 0, 0, 0, 38, 783
"c:\Users\b.torabi\Documents\sepehrelectric-website\app\public\wp-content\plugins\salesking\public\dashboard\assets\js\charts\chart-sales.js", "JavaScript", 0, 788, 0, 0, 0, 0, 10, 44, 842
"c:\Users\b.torabi\Documents\sepehrelectric-website\app\public\wp-content\plugins\salesking\public\dashboard\assets\js\scripts.js", "JavaScript", 0, 712, 0, 0, 0, 0, 7, 111, 830
"c:\Users\b.torabi\Documents\sepehrelectric-website\app\public\wp-content\plugins\salesking\public\dashboard\cart-sharing.php", "PHP", 149, 0, 0, 0, 0, 0, 1, 13, 163
"c:\Users\b.torabi\Documents\sepehrelectric-website\app\public\wp-content\plugins\salesking\public\dashboard\coupons.php", "PHP", 250, 0, 0, 0, 0, 0, 3, 19, 272
"c:\Users\b.torabi\Documents\sepehrelectric-website\app\public\wp-content\plugins\salesking\public\dashboard\customers.php", "PHP", 390, 0, 0, 0, 0, 0, 27, 47, 464
"c:\Users\b.torabi\Documents\sepehrelectric-website\app\public\wp-content\plugins\salesking\public\dashboard\dashboard-content.php", "PHP", 671, 0, 0, 0, 0, 0, 17, 52, 740
"c:\Users\b.torabi\Documents\sepehrelectric-website\app\public\wp-content\plugins\salesking\public\dashboard\earnings.php", "PHP", 901, 0, 0, 0, 0, 0, 25, 92, 1018
"c:\Users\b.torabi\Documents\sepehrelectric-website\app\public\wp-content\plugins\salesking\public\dashboard\messages.php", "PHP", 425, 0, 0, 0, 0, 0, 36, 61, 522
"c:\Users\b.torabi\Documents\sepehrelectric-website\app\public\wp-content\plugins\salesking\public\dashboard\offers.php", "PHP", 299, 0, 0, 0, 0, 0, 4, 26, 329
"c:\Users\b.torabi\Documents\sepehrelectric-website\app\public\wp-content\plugins\salesking\public\dashboard\orders.php", "PHP", 253, 0, 0, 0, 0, 0, 5, 29, 287
"c:\Users\b.torabi\Documents\sepehrelectric-website\app\public\wp-content\plugins\salesking\public\dashboard\payouts.php", "PHP", 270, 0, 0, 0, 0, 0, 4, 22, 296
"c:\Users\b.torabi\Documents\sepehrelectric-website\app\public\wp-content\plugins\salesking\public\dashboard\profile-settings.php", "PHP", 73, 0, 0, 0, 0, 0, 0, 3, 76
"c:\Users\b.torabi\Documents\sepehrelectric-website\app\public\wp-content\plugins\salesking\public\dashboard\profile.php", "PHP", 230, 0, 0, 0, 0, 0, 0, 15, 245
"c:\Users\b.torabi\Documents\sepehrelectric-website\app\public\wp-content\plugins\salesking\public\dashboard\salesking-dashboard-login.php", "PHP", 259, 0, 0, 0, 0, 0, 13, 60, 332
"c:\Users\b.torabi\Documents\sepehrelectric-website\app\public\wp-content\plugins\salesking\public\dashboard\salesking-dashboard.php", "PHP", 132, 0, 0, 0, 0, 0, 12, 24, 168
"c:\Users\b.torabi\Documents\sepehrelectric-website\app\public\wp-content\plugins\salesking\public\dashboard\teams.php", "PHP", 208, 0, 0, 0, 0, 0, 3, 17, 228
"c:\Users\b.torabi\Documents\sepehrelectric-website\app\public\wp-content\plugins\salesking\public\dashboard\templates\header-bar.php", "PHP", 205, 0, 0, 0, 0, 0, 12, 13, 230
"c:\Users\b.torabi\Documents\sepehrelectric-website\app\public\wp-content\plugins\salesking\public\dashboard\templates\profile-sidebar.php", "PHP", 45, 0, 0, 0, 0, 0, 0, 3, 48
"c:\Users\b.torabi\Documents\sepehrelectric-website\app\public\wp-content\plugins\salesking\public\dashboard\templates\sidebar.php", "PHP", 92, 0, 0, 0, 0, 0, 2, 9, 103
"c:\Users\b.torabi\Documents\sepehrelectric-website\app\public\wp-content\plugins\salesking\salesking.php", "PHP", 28, 0, 0, 0, 0, 0, 41, 20, 89
"c:\Users\b.torabi\Documents\sepehrelectric-website\app\public\wp-content\plugins\salesking\uninstall.php", "PHP", 11, 0, 0, 0, 0, 0, 8, 7, 26
"Total", "-", 23329, 4610, 4094, 27929, 1562, 300, 4312, 13987, 80123